collectibleId, databaseId
0d14c9d1-abf7-485a-95bb-80b9e12e656b,941
d072c4e1-55c0-3aee-9b8f-63fffa9b8601,1213
364137b9-0116-4240-b7c1-c15be6020966,1185
e68da601-9699-3938-a697-0cdfd86940b0,1667
09627a47-fd97-420f-88eb-7f6194570959,1430
7caffe46-0943-407e-a723-8c2f706066e3,1601
4dbcb158-412b-3022-8e39-1fcd2b13cf97,1202
cb830e27-9fb8-472d-85ab-c6fe611066a2,1221
aa4d5f62-5ad9-45e8-9baa-f61a5eebca85,1539
731bd0b7-c60a-4d2c-9aff-2e0d5d4fe0c3,1239
228cf174-a703-46df-880c-bfdf2ce7b4f7,1401
ea576a9a-6e49-35e8-aa05-0811688ae11e,253
f0dc8109-c97d-44fd-86ff-cff1742fa942,1110
f7cd544d-a114-4e31-b60e-a663f3aeeeea,1571
f8f430b1-8772-42fb-a60d-6ee93e2fc3ae,1197
9eda7882-340e-479f-a10b-6fc8769b9bb5,1091
6d8b7821-f0da-420f-9421-42053e5b02fa,1089
4f554402-5016-4132-9398-28d13d946d1c,1129
d47ff0b8-dd3e-3916-a4d4-d9ed24cc6726,623
d7f9168c-6d5e-4e35-91f8-070b03d5ed18,1578
f4de5653-8375-346e-a542-c8987fbdd08a,1760
65959037-3db1-43b0-9b3b-9fc3b0278898,1642
9e7d1d6a-7b8e-4cd7-859f-ea9dfa09bd38,1088
5fdb2766-23fb-4da4-8cfc-d0a8fe28e11a,1409
be55bcf7-ccaf-4e62-92ed-277bf75fdd2c,1409
8a627178-0847-4480-aa1e-1ff3e3325a37,1154
8e58c20b-1dab-4224-a818-d553d9245f7d,1541
5f1097e2-140a-428f-9e99-c5ebe89aeb45,1567
fefc5a64-9db4-4ffa-ad5c-db7f7850a7ce,1574
0bf1b43c-82c0-40d1-90c3-fe3eea3e1d6c,1629
8238dce8-7457-4c8e-93ec-083f48e5ab6d,1649
08560544-faf0-41dd-89dd-e1a75c5b375c,1640
66b1c2e9-7bb4-449d-bff6-56dc6d12ca3c,132
eabde9fc-ad6b-4cef-9cd8-6602aefd8bc6,1647
065489ef-58b9-49d9-9e7e-b915a93ba3ec,1051
da4b1672-6a0e-44b1-8412-8ef271c2d41d,936
c0cec492-bcae-3bae-86af-90cd168fa525,181
c6e8b27a-319b-4431-b54e-dffeb2c8660a,1416
9ccd6cc6-b3d9-4d6f-8db2-bc93f611ce7f,1514
089becc7-61ea-4911-82ca-e9856125c319,1564
966bcb50-4420-4367-8439-bf65344c85b7,1616
b69ca46f-52e8-4f0b-9c42-da9274bb34d9,1633
53dbe0e5-fd02-316a-8726-712244f4367f,625
5d0a43ac-43d6-3caf-8903-0f4af41b8768,1208
1cb12dd7-9c90-4db6-878e-a3d3d487a2bb,1149
986f4388-1ca8-4829-b42a-d2fb2e38f626,1153
d049f22a-a868-4dce-8a5c-f5ab7ad9d1f7,955
39afffed-087b-4b73-b4b9-33d6dd5e0567,1442
c89c3a32-1872-4739-bfc7-9897f7f39e9c,1004
ad33c379-5098-38a8-83ae-a88d09802385,654
32a74cb8-2ea2-3ae9-85f9-5f240d556a99,1689
e36384af-ae1b-4b9c-b4ad-704d7aaa3830,1420
26d38ffc-9798-482f-97d0-4426784e35e1,1403
